{
    "Delta": 0.0002439095260342583,
    "Theta": 0.24915742874145508,
    "Alpha": 0.14307521283626556,
    "Beta": 0.009142344817519188,
    "Gamma": 0.001130773569457233
}