{
    "n_samples": 1000,
    "n_features": 20,
    "y_mean": -0.12042184832179438,
    "y_std": 5.229848381982035,
    "max_correlation": 0.43634893005746406,
    "mean_correlation": 0.17211750478594773
}